Name,AGS,Afghanistan,Afrika,Albanien,Algerien,Amerika,Andorra,Angola,Antigua und Barbuda,Argentinien,Armenien,Aserbaidschan,Asien,Australien,Australien und Ozeanien,Bahamas,Bahrain,Bangladesch,Barbados,Belgien,Belize,Benin,Bhutan,Bolivien,Bosnien und Herzegowina,Botsuana,Brasilien,Britische Überseegebiete,Brunei Darussalam,Bulgarien,Burkina Faso,Burundi,Cabo Verde,Chile,China,Costa Rica,Côte d'Ivoire,Dominica,Dominikanische Republik,Dschibuti,Dänemark,EU-Kandidatenländer,EU-Staaten,EWR-Staaten/Schweiz,Ecuador,El Salvador,Eritrea,Estland,Eswatini,Europa,Fidschi,Finnland,Frankreich,Gabun,Gambia,Gebiet der ehemaligen Sowjetunion,Gebiet der ehemaligen Tschechoslowakei,Gebiet des ehemaligen Jugoslawien,Gebiet des ehemaligen Serbien und Montenegro,Georgien,Ghana,Grenada,Griechenland,Guatemala,Guinea,Guinea-Bissau,Guyana,Haiti,Honduras,Hongkong,Indien,Indonesien,Insgesamt,Irak,Iran,Irland,Island,Israel,Italien,Jamaika,Japan,Jemen,Jordanien,Kambodscha,Kamerun,Kanada,Kasachstan,Katar,Kenia,Kirgisistan,Kiribati,Kolumbien,Komoren,Kongo,"Kongo, Demokratische Republik","Korea, Demokratische Volksrepublik","Korea, Republik",Kosovo,Kroatien,Kuba,Kuwait,Laos,Lesotho,Lettland,Libanon,Liberia,Libyen,Liechtenstein,Litauen,Luxemburg,Macau,Madagaskar,Malawi,Malaysia,Malediven,Mali,Malta,Marokko,Marshallinseln,Mauretanien,Mauritius,Mazedonien,Mexiko,Mikronesien,Mittelamerika und Karibik,Moldau,Monaco,Mongolei,Montenegro,Mosambik,Myanmar,Namibia,Nauru,Nepal,Neuseeland,Nicaragua,Niederlande,Niger,Nigeria,Nordafrika,Nordamerika,Nordmazedonien,Norwegen,Oman,Ost- und Zentralasien,Ostafrika,Ostund Zentralasien,Pakistan,Palau,Palästinensische Gebiete,Panama,Papua-Neuguinea,Paraguay,Peru,Philippinen,Polen,Portugal,Ruanda,Rumänien,Russische Föderation,Salomonen,Sambia,Samoa,San Marino,Saudi-Arabien,Schweden,Schweiz,Senegal,Serbien (mit Kosovo),Serbien (mit und ohne Kosovo),Serbien (ohne Kosovo),Seychellen,Sierra Leone,Simbabwe,Singapur,Slowakei,Slowenien,Somalia,Sonstige Ausprägungen,Sonstiges Europa,Spanien,Sri Lanka,St. Kitts und Nevis,St. Lucia,St. Vincent und die Grenadinen,Staatenlos,Sudan (mit Südsudan),Sudan (ohne Südsudan),Suriname,Syrien,Sâo Tomé und Princípe,Süd- und Südostasien,Südafrika,Südamerika,Südliches Afrika,Südsudan,Südund Südostasien,Tadschikistan,Taiwan,Tansania,Thailand,Timor-Leste,Togo,Tonga,Trinidad und Tobago,Tschad,Tschechien,Tunesien,Turkmenistan,Tuvalu,Türkei,Uganda,Ukraine,Ungarn,Ungeklärt und ohne Angabe,Uruguay,Usbekistan,Vanuatu,Vatikanstadt,Venezuela,Vereinigte Arabische Emirate,Vereinigte Staaten,Vereinigtes Königreich,Vereinigtes Königreich einschließlich Britische Überseegebiete,Vietnam,Vorderasien,Weißrussland,Westafrika,Zentralafrika,Zentralafrikanische Republik,Zypern,[ehemalige Sowjetunion],[ehemalige Tschechoslowakei],[ehemaliges Jugoslawien],ehem. Serbien und Montenegro,"ohne Angabe, unbekannt",staatenlos,ungeklärt,year,Ägypten,Äquatorialguinea,Äthiopien,Österreich
Brandenburg an der Havel,12051,270,,20,10,,.,5,.,.,5,15,,.,,.,5,5,.,.,.,.,.,.,45,.,15,.,.,115,.,.,.,5,25,.,5,.,.,.,5,,,,.,.,95,5,.,,.,5,10,.,.,,,,,10,5,.,30,.,5,.,.,.,.,.,40,35,4350,20,110,5,.,5,75,.,5,.,10,.,125,5,15,.,45,5,.,5,.,.,5,.,5,25,50,35,.,.,.,15,15,.,.,.,50,.,.,.,.,15,.,.,.,15,.,.,.,,5,.,,30,.,5,10,.,.,.,.,.,.,.,15,.,10,,,40,.,.,,,,50,.,.,.,.,.,5,15,265,10,.,190,290,.,.,.,.,5,.,5,.,.,,60,.,.,.,.,25,5,55,,,55,5,.,.,.,,.,10,.,865,.,,5,,,.,,.,5,.,15,.,.,.,.,10,25,35,.,.,120,.,200,80,,.,10,.,.,5,.,30,15,,155,,35,,,.,.,10,5,5,.,.,15,60,2019,10,5,.,20
Brandenburg an der Havel,12051,,,,,,,,,,,,,,,,,,,5,,,,,,,,,,105,,,,,,,,,,,5,,,,,,,5,,,,5,15,,,,,,,,,,30,,,,,,,,,,,,,5,,,75,,,,,,,,,,,,,,,,,,,,20,,,,,15,,,,,25,.,,,,,,,.,,,,,,,,,,,,,,,,,,,,10,,,,,,,,,,,,,,,,,,,285,10,,150,,,,,,,.,,,,,,,,,,15,5,,,,60,,,,,,,,,,,,,,,,,,,,,,,,,,20,,,,,,,75,,,,,,,,,15,,,,,,,,.,,,,,,,,2018,,,,20
Brandenburg an der Havel,12051,195,350,10,10,110,,,,.,5,25,1555,5,5,,,,,5,,,,,35,,15,.,,85,,,,5,35,,,,,,5,155,875,5,,,,5,,1630,,5,10,,,,,,,5,.,,40,,,,,,,,30,25,3710,20,90,5,.,10,75,,5,,10,,85,,20,,,,,,,,5,,5,15,10,,,,,15,10,,,.,20,.,,,,,,,.,15,,,,20,10,,55,25,,,5,,,,,,,,10,,5,50,25,,.,,290,160,,75,,.,,,,,5,270,10,,115,280,,,,,,.,5,,,20,,,,,,10,5,,60,595,60,.,,,,,,,,750,,325,5,30,10,,,,10,,20,,.,,,,25,25,,,95,,195,45,45,,,,,,,20,10,,155,940,30,15,115,,.,,,,,,15,,2017,5,,5,20
Brandenburg an der Havel,12051,190,230,10,10,105,,,,.,5,20,1340,.,5,,,,,5,,,,,30,,15,.,,85,,,,5,30,,,,,,5,135,825,5,,,,5,,1515,,5,10,,,605,40,105,40,.,.,,30,,,,,,,,35,20,3245,20,65,5,.,5,65,,5,,15,,60,,20,,,,,,,,5,,5,20,10,,,,,20,10,,,.,15,.,,,,,,,.,10,,,,15,,,50,25,,,5,,,,,,,,20,,5,45,30,,.,,,85,275,80,,.,,,,,5,265,10,,95,235,,,,,,.,5,,,20,,,,,,10,5,,50,550,55,.,,,,15,,,,565,,,5,30,10,,315,,10,,15,,.,,,,25,15,,,85,,205,40,35,,,,,,,25,10,10,155,750,25,15,80,,.,,,,.,,,,2016,5,,.,20
Brandenburg an der Havel,12051,111,193,34,4,106,,,,0,4,20,863,2,3,,,,,5,,,,,30,,20,0,,94,,,,3,32,,,,,,5,161,829,3,,,,7,,1528,,2,11,,,598,39,110,46,2,1,,28,,,,,,,,30,8,2728,17,15,6,0,6,56,,3,,10,,54,,20,,,,,,,,9,,3,19,12,,,,,21,7,,,0,19,0,,,,,,,1,10,,,,11,,,48,28,,,5,,,,,,,,19,,5,34,27,,0,,,62,200,65,,0,,,,,4,273,11,,94,213,,,,,,0,3,,,21,,,,,,12,6,,35,535,56,1,,,,9,,,,254,,,4,31,8,,286,,7,,17,,0,,,,23,10,,,84,,209,38,26,,,,,,,22,8,8,158,377,24,15,74,,0,,,,1,,,,2015,2,,2,18
Brandenburg an der Havel,12051,44,146,1,4,93,,,,0,2,21,454,2,3,,,,,3,,,,,32,,14,0,,78,,,,3,28,,,,,,5,117,642,2,,,,6,,1274,,2,10,,,555,34,94,47,1,0,,21,,,,,,,,31,4,1987,17,9,7,0,5,56,,0,,4,,22,,13,,,,,,,,9,,3,23,3,,,,,18,6,,,0,18,0,,,,,,,1,5,,,,7,,,44,28,,,5,,,,,,,,18,,5,33,23,,0,,,50,115,26,,0,,,,,3,189,10,,75,187,,,,,,0,2,,,19,,,,,,10,1,,17,513,30,1,,,,7,,,,22,,,3,26,7,,242,,6,,15,,0,,,,21,8,,,81,,211,33,10,,,,,,,19,8,8,161,97,21,14,42,,0,,,,0,,,,2014,2,,1,16
Cottbus und LK Spree-Neiße,12052,895,,35,30,,.,.,.,5,25,50,,10,,.,.,110,.,20,.,.,.,5,45,.,40,.,.,175,.,.,.,25,250,5,5,.,10,.,.,,,,5,.,120,10,.,,.,.,50,.,.,,,,,20,40,.,135,5,10,.,.,5,5,5,280,20,13290,80,285,5,.,10,125,.,15,35,40,5,95,10,40,.,45,10,.,50,.,.,10,.,30,65,50,25,.,.,.,35,45,.,5,.,25,5,.,.,.,5,.,.,.,75,.,.,5,,20,.,,25,.,25,10,10,.,.,.,30,5,.,30,.,185,,,40,5,.,,,,130,.,.,.,.,.,10,15,2330,35,.,205,835,.,.,.,.,.,10,10,5,.,,95,.,5,.,.,120,15,55,,,140,5,.,.,.,,.,5,.,2880,.,,5,,,.,,15,20,5,55,.,5,.,.,50,85,55,5,.,270,5,520,120,,.,40,.,.,15,.,70,25,,410,,95,,,.,.,5,.,.,.,10,50,205,2019,115,.,10,55
Cottbus und LK Spree-Neiße,12052,,,,,,,,,,,,,,,,,,,20,,,,,,,,,,140,,,,,,,,,,,.,,,,,,,10,,,,.,45,,,,,,,,,,125,,,,,,,,,,,,,5,,,125,,,,,,,,,,,,,,,,,,,,40,,,,,30,,,,,25,5,,,,,,,.,,,,,,,,,,,,,,,,,,,,30,,,,,,,,,,,,,,,,,,,2185,35,,180,,,,,,,10,,,,,,,,,,90,10,,,,140,,,,,,,,,,,,,,,,,,,,,,,,,,85,,,,,,,125,,,,,,,,,30,,,,,,,,.,,,,,,,,2018,,,,55
Cottbus und LK Spree-Neiße,12052,850,900,25,30,305,,,,5,15,40,5725,5,5,,,,,15,,,,,40,,45,.,,135,,,,30,260,,,,,,.,420,3315,15,,,,10,,5360,,5,45,,,,,,,15,40,,135,,,,,,,,230,25,12510,85,200,5,.,5,115,,20,,45,,115,,35,,,,,,,,10,,30,50,45,,,,,30,45,,,.,25,5,,,,,,,.,65,,,,30,20,,60,25,,,10,,,,,,,,30,,125,225,80,,5,,1295,285,,130,,5,,,,,10,1990,30,,165,875,,,,,,10,10,,,100,,,,,,90,10,,215,1610,125,.,,,,,,,,3020,,935,5,165,20,,,,10,,40,,5,,,,75,40,,,240,,530,135,155,,,,,,,70,25,,430,3490,85,190,175,,.,,,,,,55,,2017,85,,10,50
Cottbus und LK Spree-Neiße,12052,755,755,35,20,270,,,,.,10,30,4795,5,10,,,,,15,,,,,40,,35,.,,140,,,,25,295,,,,,,5,425,3205,15,,,,10,,5130,,.,45,,,1605,150,290,150,5,30,,130,,,,,,,,200,20,11150,70,165,5,.,10,110,,20,,20,,120,,35,,,,,,,,5,,30,45,50,,,,,30,30,,,.,20,5,,,,,,,.,55,,,,25,,,60,30,,,10,,,,,,,,30,,110,175,80,,.,,,225,1230,150,,.,,,,,10,1880,35,,150,780,,,,,,10,15,,,95,,,,,,85,10,,185,1490,135,.,,,,40,,,,2300,,,5,135,20,,915,,15,,45,,.,,,,65,30,,,245,,515,150,150,,,,,,,65,35,35,435,2655,80,150,185,,5,,,,5,,,,2016,65,,.,50
Cottbus und LK Spree-Neiße,12052,223,560,73,21,237,,,,2,12,31,2676,4,5,,,,,15,,,,,38,,31,0,,136,,,,21,287,,,,,,3,513,2854,15,,,,8,,4710,,3,52,,,1430,132,322,200,6,28,,124,,,,,,,,178,19,8317,64,100,6,0,6,100,,22,,20,,93,,31,,,,,,,,4,,25,41,34,,,,,27,22,,,1,25,5,,,,,,,0,27,,,,28,,,62,31,,,13,,,,,,,,26,,97,105,70,,2,,,169,661,114,,1,,,,,11,1669,31,,114,624,,,,,,9,12,,,145,,,,,,66,10,,129,1328,106,0,,,,24,,,,937,,,6,105,18,,802,,14,,38,,2,,,,64,17,,,241,,514,144,105,,,,,,,60,29,29,413,1213,78,137,131,,1,,,,1,,,,2015,35,,1,45
Cottbus und LK Spree-Neiße,12052,112,455,3,24,216,,,,1,13,37,1782,3,4,,,,,12,,,,,33,,24,0,,144,,,,23,288,,,,,,2,384,2703,16,,,,9,,4354,,2,51,,,1371,120,268,147,8,23,,118,,,,,,,,180,12,6877,65,94,6,0,4,103,,22,,18,,90,,30,,,,,,,,4,,27,38,37,,,,,29,20,,,1,28,3,,,,,,,0,13,,,,31,,,59,33,,,13,,,,,,,,26,,89,83,55,,2,,,108,545,59,,1,,,,,11,1540,28,,118,515,,,,,,7,13,,,92,,,,,,61,10,,66,1251,96,0,,,,29,,,,243,,,5,102,16,,717,,19,,34,,1,,,,57,14,,,231,,552,146,37,,,,,,,47,27,27,397,520,77,125,123,,2,,,,4,,,,2014,31,,0,39
Frankfurt (Oder),12053,240,,15,5,,.,.,.,5,5,20,,.,,.,.,35,.,.,.,5,.,.,15,.,15,.,.,50,.,.,.,5,45,.,.,.,.,.,5,,,,.,5,50,5,.,,.,5,15,.,5,,,,,20,10,.,35,.,5,.,.,.,.,.,15,10,5005,25,70,.,.,.,30,.,15,10,5,.,60,5,20,.,30,.,.,30,.,.,.,.,35,30,5,10,.,.,.,15,5,.,10,.,20,.,.,.,.,.,.,.,.,10,.,.,.,,25,.,,5,.,10,5,.,.,.,.,.,.,.,5,.,20,,,30,.,.,,,,55,.,.,.,.,.,5,.,1555,5,.,30,345,.,.,.,.,.,.,5,.,.,,40,.,.,.,5,5,5,45,,,25,.,.,.,.,,.,10,.,790,.,,.,,,.,,5,5,.,10,.,.,.,.,5,15,15,.,.,140,.,345,10,,.,30,.,.,5,.,20,5,,70,,50,,,.,.,.,.,5,.,.,20,70,2019,30,.,5,15
Frankfurt (Oder),12053,,,,,,,,,,,,,,,,,,,.,,,,,,,,,,40,,,,,,,,,,,5,,,,,,,5,,,,5,15,,,,,,,,,,30,,,,,,,,,,,,,.,,,25,,,,,,,,,,,,,,,,,,,,5,,,,,5,,,,,15,.,,,,,,,.,,,,,,,,,,,,,,,,,,,,5,,,,,,,,,,,,,,,,,,,1185,10,,30,,,,,,,.,,,,,,,,,,5,5,,,,30,,,,,,,,,,,,,,,,,,,,,,,,,,20,,,,,,,20,,,,,,,,,5,,,,,,,,.,,,,,,,,2018,,,,10
Frankfurt (Oder),12053,200,255,10,5,125,,,,5,10,10,1390,5,5,,,,,.,,,,,20,,15,.,,30,,,,5,50,,,,,,5,210,1025,.,,,,5,,1985,,.,5,,,,,,,25,5,,20,,,,,,,,15,.,3845,15,45,.,.,5,10,,5,,5,,60,,25,,,,,,,,.,,25,25,10,,,,,5,5,,,.,20,.,,,,,,,.,5,,,,35,30,,40,5,,,.,,,,,,,,5,,5,50,30,,.,,345,120,,60,,.,,,,,.,850,.,,15,315,,,,,,.,.,,,30,,,,,,5,.,,85,750,10,.,,,,,,,,730,,185,5,55,5,,,,5,,10,,.,,,,15,10,,,130,,345,10,70,,,,,,,25,5,,75,860,40,15,65,,.,,,,,,15,,2017,30,,5,10
Frankfurt (Oder),12053,165,215,10,5,90,,,,.,10,10,1075,5,5,,,,,.,,,,,20,,10,.,,30,,,,.,45,,,,,,5,175,1095,.,,,,5,,1975,,.,5,,,780,15,110,50,20,5,,25,,,,,,,,10,.,3425,20,35,.,.,5,15,,15,,.,,50,,20,,,,,,,,5,,20,20,5,,,,,5,5,,,.,20,.,,,,,,,.,5,,,,30,,,20,5,,,.,,,,,,,,5,,5,45,30,,.,,,90,290,55,,.,,,,,.,910,5,,15,275,,,,,,.,.,,,25,,,,,,5,.,,65,705,10,.,,,,5,,,,515,,,5,40,5,,165,,5,,10,,.,,,,10,10,,,105,,335,5,60,,,,,,,20,5,5,65,620,45,15,60,,.,,,,5,,,,2016,25,,.,10
Frankfurt (Oder),12053,47,189,29,5,92,,,,8,10,10,536,2,2,,,,,0,,,,,19,,6,0,,34,,,,3,30,,,,,,4,196,1085,1,,,,5,,1960,,2,8,,,749,20,108,47,13,1,,15,,,,,,,,13,3,2827,18,6,0,0,2,16,,7,,1,,44,,20,,,,,,,,6,,18,18,6,,,,,4,3,,,0,20,0,,,,,,,0,3,,,,31,,,34,9,,,2,,,,,,,,7,,7,37,20,,0,,,77,155,62,,4,,,,,0,894,2,,20,264,,,,,,0,1,,,23,,,,,,6,1,,48,678,7,1,,,,6,,,,145,,,1,38,1,,168,,2,,11,,0,,,,14,9,,,103,,321,9,42,,,,,,,14,3,3,64,213,46,15,59,,0,,,,4,,,,2015,20,,4,8
Frankfurt (Oder),12053,29,159,6,5,79,,,,11,9,12,345,3,3,,,,,0,,,,,13,,9,0,,29,,,,2,28,,,,,,4,171,1112,2,,,,5,,1922,,3,7,,,701,24,90,47,8,2,,17,,,,,,,,11,0,2539,21,6,0,0,3,19,,2,,2,,49,,18,,,,,,,,4,,16,25,3,,,,,3,3,,,0,24,0,,,,,,,0,3,,,,23,,,19,10,,,2,,,,,,,,6,,4,34,22,,1,,,53,123,31,,4,,,,,0,913,4,,24,222,,,,,,0,1,,,16,,,,,,9,0,,31,637,8,0,,,,6,,,,17,,,0,38,0,,137,,3,,8,,0,,,,15,10,,,116,,323,8,25,,,,,,,19,2,2,70,85,42,13,59,,0,,,,4,,,,2014,16,,1,9
Potsdam,12054,675,,105,30,,.,15,.,25,45,30,,40,,.,.,45,.,30,.,.,.,5,185,.,120,.,.,290,.,.,.,45,530,5,5,.,15,.,35,,,,20,5,170,20,.,,.,40,245,5,10,,,,,50,50,.,145,5,25,5,.,.,5,5,315,65,17480,110,345,45,10,35,390,.,40,15,25,.,235,50,65,.,185,20,.,85,.,10,20,.,45,150,130,15,.,.,.,120,65,.,5,.,55,20,.,5,.,5,.,.,.,60,.,.,.,,50,.,,170,.,10,5,5,.,.,.,25,5,.,180,.,190,,,140,25,.,,,,150,.,10,.,.,5,30,35,1115,100,5,795,1425,.,.,.,.,5,45,80,10,5,,145,.,5,10,.,175,20,145,,,240,10,.,.,.,,.,10,.,2415,.,,30,,,.,,15,25,5,95,.,15,.,.,30,120,50,.,.,430,10,920,180,,.,15,.,.,20,.,305,185,,470,,135,,,.,5,15,.,30,5,20,110,275,2019,80,.,15,215
Potsdam,12054,,,,,,,,,,,,,,,,,,,35,,,,,,,,,,295,,,,,,,,,,,35,,,,,,,20,,,,40,235,,,,,,,,,,140,,,,,,,,,,,,,40,,,390,,,,,,,,,,,,,,,,,,,,115,,,,,110,,,,,55,20,,,,,,,.,,,,,,,,,,,,,,,,,,,,170,,,,,,,,,,,,,,,,,,,1090,95,,735,,,,,,,30,,,,,,,,,,150,20,,,,240,,,,,,,,,,,,,,,,,,,,,,,,,,115,,,,,,,185,,,,,,,,,195,,,,,,,,5,,,,,,,,2018,,,,210
Potsdam,12054,545,1105,65,25,690,,,,30,40,30,4820,30,35,,,,,30,,,,,155,,95,.,,260,,,,45,450,,,,,,40,660,4555,120,,,,30,,8040,,35,265,,,,,,,50,30,,130,,,,,,,,185,90,15050,100,240,35,5,55,370,,40,,15,,200,,65,,,,,,,,15,,35,140,105,,,,,100,55,,,.,55,20,,,,,,,.,30,,,,85,35,,85,135,,,5,,,,,,,,160,,155,150,320,,25,,1220,405,,140,,15,,,,,30,1055,85,,660,1340,,,,,,35,90,,,125,,,,,,125,20,,355,2710,230,5,,,,,,,,1970,,1015,20,285,45,,,,25,,85,,15,,,,110,40,,,335,,790,175,250,,,,,,,275,205,,430,2585,135,240,265,,5,,,,,,105,,2017,55,,20,210
Potsdam,12054,465,875,35,25,590,,,,20,45,40,4040,35,40,,,,,35,,,,,145,,65,.,,250,,,,45,415,,,,,,40,570,4550,120,,,,30,,7790,,40,245,,,2690,255,640,260,50,25,,140,,,,,,,,160,75,13625,80,190,40,5,35,355,,50,,10,,155,,55,,,,,,,,15,,25,140,110,,,,,100,55,,,.,60,15,,,,,,,.,20,,,,65,,,75,120,,,5,,,,,,,,165,,135,105,290,,25,,,295,1080,125,,15,,,,,30,1045,85,,600,1250,,,,,,35,90,,,105,,,,,,130,20,,285,2555,250,5,,,,60,,,,1510,,,20,225,45,,920,,20,,80,,15,,,,125,30,,,310,,755,175,225,,,,,,,250,220,220,405,2040,130,210,215,,.,,,,10,,,,2016,30,,10,225
Potsdam,12054,210,653,57,17,558,,,,20,36,38,2557,28,37,,,,,24,,,,,148,,70,0,,185,,,,40,382,,,,,,36,590,3915,110,,,,20,,6950,,31,224,,,2430,209,618,242,42,21,,132,,,,,,,,143,48,10959,82,129,38,4,32,323,,38,,11,,97,,52,,,,,,,,22,,16,126,95,,,,,86,41,,,1,51,12,,,,,,,0,19,,,,80,,,74,116,,,7,,,,,,,,141,,117,87,271,,19,,,198,770,102,,14,,,,,21,911,70,,530,1047,,,,,,32,86,,,100,,,,,,94,21,,204,2335,201,3,,,,41,,,,537,,,14,213,40,,816,,13,,81,,13,,,,110,24,,,305,,755,165,163,,,,,,,227,176,176,386,971,128,175,153,,2,,,,9,,,,2015,26,,2,200
Potsdam,12054,119,551,25,18,504,,,,11,37,39,1878,26,35,,,,,25,,,,,155,,69,0,,145,,,,37,334,,,,,,36,482,3319,100,,,,15,,6122,,27,201,,,2286,174,518,203,40,17,,125,,,,,,,,136,44,9208,72,121,32,4,37,289,,37,,11,,87,,50,,,,,,,,23,,19,122,49,,,,,82,40,,,1,32,11,,,,,,,0,21,,,,56,,,78,107,,,4,,,,,,,,139,,109,79,237,,20,,,137,625,53,,1,,,,,11,803,65,,352,961,,,,,,33,79,,,68,,,,,,74,22,,118,2221,185,3,,,,33,,,,117,,,10,189,38,,728,,9,,84,,12,,,,96,19,,,283,,733,130,85,,,,,,,204,163,163,371,525,125,162,135,,2,,,,9,,,,2014,21,,6,182
Barnim,12060,435,,140,15,,.,5,.,5,15,10,,10,,.,.,5,.,10,.,.,.,5,55,.,35,.,.,225,.,.,.,10,45,5,.,.,10,.,.,,,,5,.,100,10,.,,.,10,55,.,5,,,,,20,5,.,145,5,10,.,.,.,.,.,50,15,8620,95,145,10,.,15,130,.,10,5,5,5,85,15,70,.,100,5,.,15,.,.,.,.,5,30,40,15,.,5,.,35,40,.,15,.,45,5,.,.,.,.,.,.,.,15,.,.,.,,15,.,,35,.,.,5,5,.,.,.,5,10,.,55,.,50,,,135,5,.,,,,125,.,5,.,.,.,10,145,1195,30,.,510,720,.,.,.,.,5,5,35,10,.,,120,.,.,.,.,40,15,100,,,55,.,5,.,.,,5,25,.,940,.,,5,,,.,,.,5,.,65,.,5,.,.,35,45,15,.,.,225,5,320,180,,.,15,.,.,15,.,90,60,,320,,65,,,.,.,10,.,5,5,5,30,130,2019,10,.,5,75
Barnim,12060,,,,,,,,,,,,,,,,,,,5,,,,,,,,,,215,,,,,,,,,,,.,,,,,,,5,,,,10,40,,,,,,,,,,135,,,,,,,,,,,,,10,,,85,,,,,,,,,,,,,,,,,,,,30,,,,,35,,,,,35,5,,,,,,,.,,,,,,,,,,,,,,,,,,,,45,,,,,,,,,,,,,,,,,,,1120,25,,415,,,,,,,5,,,,,,,,,,25,10,,,,55,,,,,,,,,,,,,,,,,,,,,,,,,,35,,,,,,,170,,,,,,,,,40,,,,,,,,.,,,,,,,,2018,,,,75
Barnim,12060,350,485,80,5,220,,,,5,5,5,2025,10,15,,,,,5,,,,,50,,25,.,,155,,,,10,40,,,,,,.,435,2295,35,,,,5,,3875,,10,30,,,,,,,10,5,,110,,,,,,,,40,5,6790,15,60,5,.,15,55,,5,,.,,80,,70,,,,,,,,.,,5,30,20,,,,,30,30,,,.,30,5,,,,,,,.,5,,,,105,15,,45,25,,,.,,,,,,,,45,,25,45,85,,5,,495,255,,105,,.,,,,,20,990,25,,380,650,,,,,,5,25,,,100,,,,,,30,10,,165,1110,40,.,,,,,,,,890,,495,5,90,10,,,,5,,50,,.,,,,25,15,,,135,,290,155,135,,,,,,,80,35,,260,1035,60,55,120,,.,,,,,,30,,2017,10,,5,70
Barnim,12060,355,490,65,5,200,,,,5,5,10,1995,10,15,,,,,5,,,,,45,,25,.,,105,,,,5,55,,,,,,.,360,1890,25,,,,5,,3390,,10,35,,,1215,50,265,120,10,5,,110,,,,,,,,30,5,6245,15,60,10,.,5,60,,10,,.,,85,,70,,,,,,,,.,,.,25,20,,,,,30,30,,,.,30,.,,,,,,,.,5,,,,70,,,40,20,,,.,,,,,,,,55,,30,35,80,,5,,,245,515,110,,.,,,,,10,855,15,,165,665,,,,,,5,20,,,90,,,,,,15,5,,150,1110,55,.,,,,30,,,,870,,,.,85,10,,470,,5,,45,,.,,,,30,15,,,125,,285,150,125,,,,,,,70,35,35,255,1010,60,55,140,,.,,,,.,,,,2016,5,,5,75
Barnim,12060,73,374,128,7,177,,,,4,5,11,1287,6,12,,,,,7,,,,,34,,20,0,,80,,,,7,37,,,,,,2,445,1696,23,,,,5,,3134,,10,32,,,1081,43,265,140,7,3,,82,,,,,,,,24,4,5093,12,29,8,0,7,55,,7,,1,,51,,69,,,,,,,,0,,2,25,15,,,,,28,20,,,1,28,0,,,,,,,0,5,,,,68,,,34,15,,,1,,,,,,,,50,,28,33,73,,4,,,190,212,76,,0,,,,,6,802,13,,113,545,,,,,,6,18,,,112,,,,,,14,4,,109,970,53,1,,,,23,,,,585,,,2,70,9,,397,,3,,39,,2,,,,26,13,,,130,,281,154,86,,,,,,,66,34,34,238,678,60,42,100,,0,,,,2,,,,2015,4,,1,72
Barnim,12060,25,296,15,6,151,,,,2,5,11,676,6,11,,,,,7,,,,,35,,19,0,,71,,,,6,24,,,,,,2,302,1663,22,,,,5,,2843,,10,32,,,974,47,216,114,4,3,,85,,,,,,,,23,5,4031,13,30,8,0,7,55,,5,,5,,40,,69,,,,,,,,0,,0,12,13,,,,,26,19,,,1,26,0,,,,,,,0,8,,,,48,,,32,15,,,1,,,,,,,,48,,24,29,63,,4,,,141,146,44,,0,,,,,5,814,11,,73,449,,,,,,6,17,,,98,,,,,,14,2,,54,856,56,1,,,,20,,,,76,,,2,56,11,,359,,3,,34,,2,,,,30,11,,,133,,275,161,34,,,,,,,57,35,35,237,171,60,37,78,,0,,,,3,,,,2014,3,,0,70
Dahme-Spreewald,12061,440,,80,5,,.,.,.,10,15,10,,15,,.,5,10,.,15,.,5,.,10,65,.,40,.,.,215,.,.,.,10,120,5,.,.,15,.,10,,,,5,5,95,15,.,,.,15,45,.,.,,,,,20,10,.,160,.,5,.,.,.,.,.,130,5,8695,40,145,10,.,5,125,.,5,10,15,5,95,15,70,.,90,5,.,35,.,5,.,.,20,70,100,20,.,.,.,30,75,.,5,.,30,.,.,.,.,5,.,.,.,25,.,.,.,,15,.,,30,.,20,.,.,.,.,.,15,.,5,60,.,35,,,85,5,.,,,,85,.,.,.,.,.,15,35,1095,30,.,960,780,.,.,.,.,5,5,40,.,5,,85,.,5,.,.,20,5,55,,,75,15,.,.,.,,.,5,.,535,.,,5,,,.,,5,10,.,75,.,.,.,.,40,65,20,10,.,495,.,240,110,,.,15,.,.,.,.,70,60,,255,,50,,,.,.,5,5,35,15,10,30,135,2019,20,.,5,95
Dahme-Spreewald,12061,,,,,,,,,,,,,,,,,,,20,,,,,,,,,,185,,,,,,,,,,,15,,,,,,,5,,,,15,40,,,,,,,,,,130,,,,,,,,,,,,,5,,,70,,,,,,,,,,,,,,,,,,,,90,,,,,30,,,,,30,.,,,,,,,.,,,,,,,,,,,,,,,,,,,,55,,,,,,,,,,,,,,,,,,,990,20,,865,,,,,,,5,,,,,,,,,,30,5,,,,60,,,,,,,,,,,,,,,,,,,,,,,,,,60,,,,,,,115,,,,,,,,,60,,,,,,,,.,,,,,,,,2018,,,,80
Dahme-Spreewald,12061,415,485,50,5,240,,,,.,10,5,2115,10,15,,,,,15,,,,,50,,25,.,,150,,,,10,110,,,,,,10,550,2605,35,,,,5,,4325,,15,35,,,,,,,15,10,,100,,,,,,,,90,5,7350,35,130,5,.,5,60,,5,,15,,90,,80,,,,,,,,.,,5,55,70,,,,,30,80,,,.,25,.,,,,,,,.,20,,,,45,10,,60,15,,,.,,,,,,,,50,,25,60,75,,5,,675,215,,90,,.,,,,,20,870,20,,765,735,,,,,,5,30,,,75,,,,,,30,5,,165,1140,60,5,,,,,,,,575,,560,10,105,15,,,,10,,60,,.,,,,50,10,,,335,,230,100,130,,,,,,,65,60,,255,880,45,55,140,,.,,,,,,40,,2017,20,,5,70
Dahme-Spreewald,12061,350,410,40,5,245,,,,.,10,5,2020,10,10,,,,,15,,,,,55,,25,.,,155,,,,5,95,,,,,,15,485,2580,30,,,,5,,4150,,20,50,,,1155,80,325,145,10,10,,115,,,,,,,,75,5,7015,35,85,5,.,5,85,,.,,15,,70,,85,,,,,,,,.,,5,55,65,,,,,30,85,,,.,30,.,,,,,,,.,20,,,,25,,,55,15,,,.,,,,,,,,60,,25,55,90,,5,,,175,600,110,,5,,,,,20,840,25,,660,670,,,,,,5,25,,,80,,,,,,30,5,,175,1055,50,5,,,,40,,,,605,,,10,100,10,,555,,5,,60,,.,,,,45,10,,,300,,210,90,135,,,,,,,80,80,85,250,865,45,55,115,,.,,,,10,,,,2016,20,,5,95
Dahme-Spreewald,12061,147,356,80,2,286,,,,1,7,8,1580,7,9,,,,,14,,,,,54,,21,1,,106,,,,9,72,,,,,,13,485,1752,31,,,,4,,3256,,12,43,,,1092,72,314,150,8,7,,78,,,,,,,,69,5,5647,40,47,2,0,5,72,,2,,13,,70,,99,,,,,,,,0,,6,46,47,,,,,23,82,,,0,23,1,,,,,,,0,15,,,,24,,,77,12,,,0,,,,,,,,61,,20,52,114,,5,,,153,378,102,,5,,,,,17,655,22,,232,610,,,,,,4,26,,,94,,,,,,25,6,,160,988,40,1,,,,35,,,,468,,,5,95,6,,513,,6,,50,,0,,,,41,16,,,244,,217,69,124,,,,,,,106,76,77,246,689,44,33,112,,0,,,,10,,,,2015,18,,1,77
Dahme-Spreewald,12061,83,289,31,1,226,,,,0,6,5,953,6,8,,,,,11,,,,,49,,19,1,,76,,,,7,58,,,,,,12,406,1544,32,,,,5,,2875,,11,36,,,996,71,255,119,7,4,,74,,,,,,,,58,5,4486,37,32,3,0,6,56,,1,,11,,48,,93,,,,,,,,0,,4,43,41,,,,,24,69,,,0,29,1,,,,,,,0,12,,,,10,,,70,9,,,0,,,,,,,,54,,17,37,71,,5,,,137,282,41,,0,,,,,16,610,21,,162,528,,,,,,4,27,,,67,,,,,,26,4,,135,893,36,2,,,,28,,,,64,,,3,85,5,,430,,4,,44,,0,,,,39,10,,,257,,212,69,106,,,,,,,65,64,65,243,241,49,24,86,,0,,,,9,,,,2014,13,,1,70
Elbe-Elster,12062,255,,20,5,,.,.,.,.,5,10,,.,,.,.,.,.,5,.,.,.,.,40,.,.,.,.,55,.,.,.,.,10,.,.,.,.,.,5,,,,.,.,45,.,.,,.,.,5,.,5,,,,,.,5,.,5,.,5,.,.,.,.,.,85,5,2570,25,65,.,.,.,20,.,.,.,.,.,60,5,25,.,40,.,.,5,.,.,.,.,.,5,30,5,.,.,.,10,10,.,5,.,15,.,.,.,.,.,.,.,.,5,.,.,.,,5,.,,.,.,.,.,.,.,.,.,.,.,.,20,.,5,,,70,.,.,,,,5,.,.,.,.,.,.,10,220,5,.,95,210,.,.,.,.,.,5,10,.,.,,20,.,.,.,.,15,5,35,,,25,5,.,.,.,,.,15,.,430,.,,.,,,.,,.,5,.,15,.,.,.,.,10,30,5,.,.,65,.,25,50,,.,.,.,.,.,.,5,10,,95,,15,,,.,.,.,.,.,.,.,10,55,2019,5,.,10,30
Elbe-Elster,12062,,,,,,,,,,,,,,,,,,,5,,,,,,,,,,50,,,,,,,,,,,5,,,,,,,.,,,,.,5,,,,,,,,,,10,,,,,,,,,,,,,.,,,20,,,,,,,,,,,,,,,,,,,,25,,,,,10,,,,,15,.,,,,,,,.,,,,,,,,,,,,,,,,,,,,20,,,,,,,,,,,,,,,,,,,195,5,,110,,,,,,,5,,,,,,,,,,10,.,,,,30,,,,,,,,,,,,,,,,,,,,,,,,,,30,,,,,,,50,,,,,,,,,10,,,,,,,,.,,,,,,,,2018,,,,25
Elbe-Elster,12062,275,265,5,.,25,,,,5,5,.,1155,5,5,,,,,5,,,,,30,,.,.,,40,,,,.,10,,,,,,5,120,555,10,,,,.,,960,,.,5,,,,,,,.,.,,5,,,,,,,,60,5,2505,15,75,.,.,.,10,,.,,.,,65,,30,,,,,,,,.,,.,10,25,,,,,10,15,,,.,25,.,,,,,,,.,5,,,,50,5,,10,5,,,.,,,,,,,,15,,5,20,10,,.,,325,150,,15,,.,,,,,5,180,5,,75,200,,,,,,5,10,,,10,,,,,,15,.,,95,280,25,5,,,,,,,,510,,200,.,10,5,,,,.,,20,,.,,,,30,5,,,50,,25,40,80,,,,,,,5,10,,95,625,15,10,80,,.,,,,,,20,,2017,5,,15,20
Elbe-Elster,12062,295,245,5,5,20,,,,.,5,.,1195,.,5,,,,,10,,,,,25,,.,.,,40,,,,.,10,,,,,,5,100,485,10,,,,.,,850,,.,5,,,295,45,100,20,.,.,,10,,,,,,,,50,5,2405,15,70,.,.,.,10,,.,,.,,55,,30,,,,,,,,.,,.,10,20,,,,,5,15,,,.,25,.,,,,,,,.,5,,,,35,,,5,5,,,.,,,,,,,,20,,.,20,5,,.,,,145,345,25,,.,,,,,.,155,5,,40,185,,,,,,5,10,,,10,,,,,,15,.,,90,260,20,5,,,,20,,,,540,,,.,5,5,,200,,.,,20,,.,,,,30,5,,,45,,25,35,75,,,,,,,5,10,10,100,650,10,5,75,,.,,,,.,,,,2016,5,,10,20
Elbe-Elster,12062,67,194,28,4,21,,,,1,5,1,714,0,1,,,,,8,,,,,8,,1,0,,27,,,,0,9,,,,,,1,137,409,10,,,,0,,819,,0,6,,,308,37,84,31,1,0,,7,,,,,,,,49,4,1832,14,21,0,0,0,11,,1,,1,,45,,30,,,,,,,,0,,0,11,5,,,,,7,6,,,0,15,0,,,,,,,0,4,,,,39,,,6,4,,,0,,,,,,,,19,,2,13,5,,0,,,114,119,20,,0,,,,,2,144,3,,35,199,,,,,,3,10,,,20,,,,,,13,0,,83,263,20,5,,,,15,,,,327,,,0,10,5,,219,,1,,17,,1,,,,24,2,,,49,,27,29,68,,,,,,,3,11,11,122,376,14,4,58,,1,,,,0,,,,2015,3,,2,20
Elbe-Elster,12062,17,127,0,3,24,,,,0,4,1,374,0,0,,,,,8,,,,,6,,1,0,,22,,,,0,10,,,,,,1,109,355,10,,,,0,,658,,0,7,,,226,32,70,43,1,0,,9,,,,,,,,49,2,1214,14,11,0,0,0,10,,1,,0,,24,,31,,,,,,,,0,,0,13,3,,,,,6,6,,,0,13,0,,,,,,,0,4,,,,18,,,10,3,,,1,,,,,,,,19,,2,12,7,,0,,,70,69,8,,0,,,,,2,108,3,,34,123,,,,,,4,10,,,29,,,,,,13,0,,31,184,17,5,,,,4,,,,58,,,2,7,7,,210,,0,,16,,1,,,,19,2,,,61,,28,32,27,,,,,,,5,11,11,128,95,11,4,34,,1,,,,0,,,,2014,3,,0,15
Havelland,12063,440,,40,10,,.,.,.,10,35,.,,15,,.,.,.,.,10,.,.,.,.,130,.,50,.,.,235,.,.,.,10,70,.,.,.,.,.,10,,,,.,.,110,10,.,,.,10,65,.,.,,,,,10,15,.,100,.,5,.,.,.,5,.,35,10,8340,40,160,10,.,10,130,.,5,.,5,.,125,10,50,.,115,10,.,15,.,5,.,.,15,55,120,10,.,5,.,45,5,.,10,.,35,5,.,.,.,5,.,.,.,10,.,.,.,,15,.,,35,.,5,10,.,.,.,.,.,.,.,80,.,40,,,90,5,.,,,,95,.,.,.,.,5,20,15,1615,30,.,445,500,.,.,.,.,.,20,40,.,.,,165,.,5,.,5,35,20,115,,,85,.,.,.,.,,.,15,.,890,.,,5,,,.,,.,10,.,60,.,.,.,.,40,40,15,.,.,360,5,115,150,,.,.,.,.,5,.,75,75,,185,,40,,,.,.,.,.,.,.,.,10,145,2019,15,.,5,110
Havelland,12063,,,,,,,,,,,,,,,,,,,10,,,,,,,,,,200,,,,,,,,,,,10,,,,,,,10,,,,10,55,,,,,,,,,,80,,,,,,,,,,,,,10,,,110,,,,,,,,,,,,,,,,,,,,105,,,,,55,,,,,40,5,,,,,,,.,,,,,,,,,,,,,,,,,,,,85,,,,,,,,,,,,,,,,,,,1515,25,,470,,,,,,,25,,,,,,,,,,35,15,,,,75,,,,,,,,,,,,,,,,,,,,,,,,,,35,,,,,,,155,,,,,,,,,90,,,,,,,,.,,,,,,,,2018,,,,105
Havelland,12063,415,525,35,5,180,,,,5,10,.,1935,10,10,,,,,10,,,,,110,,40,.,,160,,,,5,45,,,,,,5,495,2630,45,,,,5,,3950,,10,35,,,,,,,10,10,,60,,,,,,,,20,15,6740,15,135,10,.,10,90,,10,,5,,115,,40,,,,,,,,.,,10,35,85,,,,,35,10,,,.,25,.,,,,,,,.,5,,,,55,10,,30,20,,,10,,,,,,,,60,,15,30,75,,5,,545,290,,75,,.,,,,,15,1190,20,,410,480,,,,,,20,40,,,125,,,,,,35,15,,145,780,70,.,,,,,,,,850,,340,.,75,5,,,,5,,55,,.,,,,30,10,,,260,,95,125,130,,,,,,,70,55,,155,1050,40,35,160,,.,,,,,,10,,2017,10,,5,65
Havelland,12063,415,420,45,.,165,,,,5,10,.,1825,10,10,,,,,15,,,,,100,,35,.,,150,,,,5,40,,,,,,15,465,2660,45,,,,5,,3850,,10,65,,,685,70,415,160,10,5,,75,,,,,,,,15,10,6395,20,105,15,.,10,115,,10,,.,,75,,40,,,,,,,,.,,5,30,95,,,,,25,15,,,.,25,5,,,,,,,.,5,,,,35,,,35,10,,,10,,,,,,,,80,,10,25,60,,5,,,235,535,75,,.,,,,,10,1070,20,,325,415,,,,,,25,40,,,125,,,,,,35,25,,130,685,80,.,,,,10,,,,780,,,5,70,5,,340,,5,,60,,.,,,,30,10,,,245,,90,130,120,,,,,,,55,110,110,165,950,40,30,120,,.,,,,.,,,,2016,10,,5,105
Havelland,12063,98,328,68,1,161,,,,5,6,1,957,7,9,,,,,11,,,,,87,,36,0,,116,,,,5,40,,,,,,10,509,1975,43,,,,5,,3096,,11,62,,,557,48,420,197,8,6,,54,,,,,,,,17,5,4624,14,33,14,2,7,100,,12,,0,,70,,37,,,,,,,,1,,8,22,81,,,,,16,7,,,0,18,3,,,,,,,1,1,,,,33,,,25,11,,,10,,,,,,,,84,,9,17,66,,3,,,171,208,43,,0,,,,,6,742,19,,143,328,,,,,,21,38,,,164,,,,,,21,19,,73,569,81,1,,,,13,,,,369,,,4,70,7,,304,,2,,60,,2,,,,25,10,,,230,,84,106,60,,,,,,,62,110,110,161,445,35,24,109,,2,,,,1,,,,2015,4,,3,98
Havelland,12063,66,252,13,1,143,,,,4,5,1,591,9,11,,,,,12,,,,,60,,29,0,,107,,,,6,41,,,,,,12,397,1686,42,,,,5,,2595,,12,55,,,494,43,328,166,6,4,,54,,,,,,,,19,8,3645,18,24,16,2,8,85,,10,,1,,49,,41,,,,,,,,1,,5,23,67,,,,,24,6,,,0,19,3,,,,,,,1,2,,,,16,,,28,11,,,8,,,,,,,,82,,10,17,58,,3,,,125,177,20,,0,,,,,6,560,19,,112,247,,,,,,18,39,,,134,,,,,,17,17,,53,470,78,1,,,,15,,,,83,,,3,57,5,,262,,3,,57,,2,,,,24,7,,,221,,86,96,38,,,,,,,55,102,102,138,152,39,22,83,,1,,,,1,,,,2014,6,,3,86
Märkisch-Oderland,12064,385,,45,10,,.,.,.,5,20,.,,10,,.,.,5,.,5,.,.,.,.,60,.,30,.,.,400,.,.,.,5,45,.,.,.,5,.,10,,,,.,.,55,5,.,,.,5,30,.,5,,,,,30,5,.,60,.,5,.,.,.,.,.,55,10,7115,70,125,5,.,5,65,.,10,5,.,5,130,20,75,.,105,.,.,20,.,.,.,.,5,40,35,20,.,.,.,40,10,.,10,.,45,5,.,.,.,5,.,.,.,10,.,.,.,,5,.,,40,.,5,25,5,.,.,.,5,5,.,75,.,20,,,20,5,.,,,,165,.,.,.,.,5,10,25,1255,30,.,290,700,.,.,.,.,.,10,25,.,.,,100,.,5,.,.,35,10,80,,,35,5,.,.,.,,.,30,.,650,.,,10,,,.,,.,5,.,50,.,.,.,.,30,35,10,.,.,210,5,190,90,,.,15,.,.,5,.,40,40,,255,,40,,,.,.,5,5,5,.,5,20,125,2019,10,.,10,85
Märkisch-Oderland,12064,,,,,,,,,,,,,,,,,,,5,,,,,,,,,,330,,,,,,,,,,,10,,,,,,,5,,,,5,30,,,,,,,,,,60,,,,,,,,,,,,,5,,,55,,,,,,,,,,,,,,,,,,,,40,,,,,35,,,,,40,.,,,,,,,.,,,,,,,,,,,,,,,,,,,,75,,,,,,,,,,,,,,,,,,,1195,30,,250,,,,,,,10,,,,,,,,,,25,10,,,,30,,,,,,,,,,,,,,,,,,,,,,,,,,30,,,,,,,85,,,,,,,,,40,,,,,,,,.,,,,,,,,2018,,,,75
Märkisch-Oderland,12064,365,430,20,10,140,,,,.,5,.,1740,5,10,,,,,5,,,,,30,,25,.,,265,,,,.,30,,,,,,10,260,2215,25,,,,5,,3430,,5,25,,,,,,,5,.,,60,,,,,,,,40,10,5900,25,70,5,.,5,35,,10,,.,,115,,70,,,,,,,,.,,.,35,35,,,,,30,15,,,.,35,.,,,,,,,.,5,,,,10,5,,30,15,,,15,,,,,,,,70,,15,45,50,,.,,500,205,,155,,.,,,,,20,1135,25,,175,615,,,,,,5,20,,,75,,,,,,20,10,,145,930,25,5,,,,,,,,600,,510,.,60,5,,,,.,,45,,.,,,,40,5,,,130,,190,90,125,,,,,,,40,35,,230,730,45,30,150,,.,,,,,,20,,2017,15,,10,65
Märkisch-Oderland,12064,380,385,20,10,120,,,,.,5,5,1825,5,10,,,,,5,,,,,25,,20,.,,225,,,,.,40,,,,,,15,245,1645,15,,,,5,,2755,,.,35,,,950,50,190,120,5,.,,55,,,,,,,,35,10,5230,25,60,5,.,5,35,,10,,.,,90,,70,,,,,,,,.,,.,35,20,,,,,25,5,,,.,30,5,,,,,,,.,5,,,,10,,,25,10,,,20,,,,,,,,65,,10,35,45,,5,,,195,525,140,,.,,,,,20,770,20,,80,555,,,,,,5,15,,,65,,,,,,15,5,,140,855,25,5,,,,20,,,,695,,,.,50,5,,490,,.,,40,,.,,,,30,5,,,115,,185,60,115,,,,,,,35,40,40,235,810,35,25,120,,.,,,,.,,,,2016,10,,10,70
Märkisch-Oderland,12064,195,358,56,8,123,,,,2,4,3,1821,5,9,,,,,8,,,,,24,,17,2,,146,,,,0,44,,,,,,14,309,1503,15,,,,4,,2652,,1,32,,,923,48,214,144,3,2,,56,,,,,,,,43,6,5099,24,26,3,0,4,33,,10,,0,,74,,72,,,,,,,,0,,3,38,15,,,,,22,5,,,0,31,3,,,,,,,0,6,,,,19,,,30,9,,,17,,,,,,,,67,,9,28,38,,2,,,204,351,119,,0,,,,,19,748,20,,58,507,,,,,,6,13,,,86,,,,,,13,2,,136,825,26,3,,,,20,,,,928,,,1,55,2,,465,,3,,34,,0,,,,29,5,,,118,,188,50,114,,,,,,,31,38,40,234,1005,51,16,108,,1,,,,3,,,,2015,9,,5,71
Märkisch-Oderland,12064,73,271,3,5,119,,,,2,4,3,780,6,10,,,,,8,,,,,24,,17,2,,143,,,,0,43,,,,,,13,207,1398,16,,,,3,,2368,,1,33,,,833,47,169,120,3,1,,57,,,,,,,,46,3,3596,23,11,3,0,2,37,,11,,0,,53,,75,,,,,,,,0,,2,44,11,,,,,18,8,,,0,29,3,,,,,,,0,6,,,,3,,,31,9,,,14,,,,,,,,66,,9,25,41,,1,,,155,230,36,,0,,,,,14,678,18,,50,414,,,,,,5,15,,,59,,,,,,16,2,,48,747,26,2,,,,13,,,,129,,,0,47,1,,363,,3,,31,,0,,,,25,6,,,116,,185,53,33,,,,,,,33,30,32,226,187,61,14,76,,1,,,,3,,,,2014,8,,6,63
Oberhavel,12065,475,,90,5,,.,5,.,10,25,15,,15,,.,.,.,.,20,.,5,.,5,55,.,40,.,.,210,.,.,.,.,90,5,5,.,5,.,20,,,,5,.,165,5,.,,.,5,95,.,5,,,,,25,5,.,130,.,5,.,.,5,.,.,60,15,9180,40,235,15,5,20,220,.,20,.,10,5,205,20,60,.,170,5,.,15,.,.,.,.,15,25,95,15,.,.,.,45,25,.,20,.,50,.,.,5,.,5,.,.,.,20,.,.,.,,15,.,,45,.,20,.,.,.,.,.,.,.,.,75,.,50,,,75,10,.,,,,145,.,.,.,.,.,10,60,1495,30,.,525,580,.,.,.,.,.,10,50,5,5,,100,.,.,.,.,35,5,110,,,50,10,.,.,.,,.,20,.,975,.,,5,,,.,,.,5,5,90,.,.,.,.,35,35,10,.,.,260,.,240,165,,.,15,.,.,5,.,75,80,,265,,65,,,.,.,10,.,15,5,10,40,115,2019,20,.,10,90
Oberhavel,12065,,,,,,,,,,,,,,,,,,,20,,,,,,,,,,195,,,,,,,,,,,20,,,,,,,5,,,,.,90,,,,,,,,,,130,,,,,,,,,,,,,10,,,205,,,,,,,,,,,,,,,,,,,,90,,,,,45,,,,,50,.,,,,,,,.,,,,,,,,,,,,,,,,,,,,80,,,,,,,,,,,,,,,,,,,1390,25,,455,,,,,,,10,,,,,,,,,,25,5,,,,50,,,,,,,,,,,,,,,,,,,,,,,,,,40,,,,,,,165,,,,,,,,,85,,,,,,,,.,,,,,,,,2018,,,,85
Oberhavel,12065,455,735,80,.,220,,,,5,15,15,2570,10,15,,,,,20,,,,,45,,30,.,,200,,,,5,85,,,,,,15,450,2935,55,,,,5,,4365,,.,80,,,,,,,15,5,,115,,,,,,,,45,10,8060,35,195,10,5,15,180,,15,,.,,175,,65,,,,,,,,.,,10,30,60,,,,,45,20,,,.,45,.,,,,,,,.,20,,,,65,15,,45,25,,,.,,,,,,,,70,,15,50,95,,10,,675,405,,120,,.,,,,,30,1230,20,,390,540,,,,,,10,45,,,80,,,,,,30,5,,155,925,45,10,,,,,,,,1015,,565,10,80,20,,,,5,,75,,.,,,,40,10,,,215,,215,150,110,,,,,,,75,80,,260,1330,60,45,215,,.,,,,,,40,,2017,15,,10,80
Oberhavel,12065,455,600,55,.,195,,,,5,10,15,2470,10,15,,,,,20,,,,,45,,25,.,,195,,,,.,80,,,,,,15,390,3265,55,,,,5,,4555,,10,150,,,1010,80,315,105,15,10,,135,,,,,,,,30,15,7985,35,155,15,5,15,200,,20,,5,,130,,65,,,,,,,,.,,10,25,90,,,,,55,25,,,.,45,.,,,,,,,.,10,,,,50,,,45,20,,,.,,,,,,,,105,,15,40,90,,5,,,345,670,125,,.,,,,,20,1270,25,,320,490,,,,,,15,45,,,75,,,,,,35,10,,150,845,70,10,,,,40,,,,980,,,5,60,15,,545,,5,,75,,.,,,,45,10,,,190,,190,170,110,,,,,,,70,110,110,270,1250,60,40,165,,.,,,,.,,,,2016,15,,5,155
Oberhavel,12065,190,500,82,1,173,,,,2,10,15,1754,8,11,,,,,21,,,,,37,,26,0,,191,,,,2,74,,,,,,14,390,2826,51,,,,6,,4027,,8,142,,,918,86,292,108,12,4,,126,,,,,,,,22,7,6597,30,78,13,3,15,164,,12,,2,,111,,70,,,,,,,,2,,12,23,83,,,,,50,20,,,0,33,1,,,,,,,0,12,,,,42,,,37,18,,,0,,,,,,,,127,,13,33,72,,4,,,275,398,102,,1,,,,,15,1056,30,,207,428,,,,,,14,44,,,85,,,,,,31,11,,132,760,55,9,,,,35,,,,680,,,4,64,12,,492,,4,,66,,3,,,,55,8,,,170,,190,139,97,,,,,,,58,100,100,265,864,54,30,150,,0,,,,0,,,,2015,11,,1,149
Oberhavel,12065,97,362,34,0,165,,,,3,11,10,1004,6,8,,,,,21,,,,,35,,24,0,,147,,,,1,72,,,,,,17,385,2485,46,,,,7,,3652,,11,141,,,905,93,308,147,12,4,,118,,,,,,,,22,6,5278,27,59,13,4,14,154,,13,,1,,82,,75,,,,,,,,2,,9,17,61,,,,,43,12,,,0,36,1,,,,,,,0,7,,,,47,,,39,17,,,0,,,,,,,,120,,14,27,63,,6,,,191,310,41,,0,,,,,16,869,24,,178,428,,,,,,13,40,,,130,,,,,,28,11,,87,736,49,7,,,,33,,,,129,,,4,63,12,,418,,4,,64,,3,,,,64,8,,,163,,176,122,54,,,,,,,49,99,99,258,276,52,30,102,,0,,,,0,,,,2014,12,,0,137
Oberspreewald-Lausitz,12066,235,,15,10,,.,.,.,.,5,5,,.,,.,.,.,.,5,.,.,.,.,25,.,5,.,.,85,.,.,.,5,25,.,.,.,.,.,.,,,,.,.,25,.,.,,.,.,10,5,.,,,,,.,.,.,45,.,.,.,.,.,.,.,30,5,4140,15,50,.,.,.,15,.,.,65,10,.,40,.,40,.,15,5,.,5,.,.,5,.,5,10,10,5,.,.,.,10,10,.,10,.,20,.,.,.,.,.,.,.,.,25,.,.,.,,.,.,,.,.,5,.,5,.,.,.,5,.,.,30,.,10,,,40,.,.,,,,30,.,10,.,.,.,.,15,1090,5,.,215,250,.,.,.,.,15,.,10,.,.,,5,.,.,.,.,35,.,10,,,15,.,.,.,.,,.,.,.,680,.,,10,,,.,,.,.,.,35,.,5,.,.,25,50,5,.,.,150,.,60,120,,.,10,.,.,.,.,5,10,,90,,10,,,.,.,.,.,.,.,.,25,90,2019,15,.,.,30
Oberspreewald-Lausitz,12066,,,,,,,,,,,,,,,,,,,5,,,,,,,,,,90,,,,,,,,,,,.,,,,,,,.,,,,.,10,,,,,,,,,,40,,,,,,,,,,,,,.,,,15,,,,,,,,,,,,,,,,,,,,10,,,,,5,,,,,20,.,,,,,,,.,,,,,,,,,,,,,,,,,,,,25,,,,,,,,,,,,,,,,,,,1075,5,,125,,,,,,,.,,,,,,,,,,30,.,,,,20,,,,,,,,,,,,,,,,,,,,,,,,,,55,,,,,,,120,,,,,,,,,10,,,,,,,,.,,,,,,,,2018,,,,30
Oberspreewald-Lausitz,12066,260,225,5,5,35,,,,.,5,.,1600,.,.,,,,,5,,,,,25,,10,.,,100,,,,5,25,,,,,,.,165,1320,5,,,,.,,1840,,.,10,,,,,,,.,.,,35,,,,,,,,20,10,3830,15,55,.,.,.,15,,.,,10,,45,,40,,,,,,,,.,,.,5,10,,,,,5,10,,,.,20,.,,,,,,,.,30,,,,30,5,,10,5,,,.,,,,,,,,25,,10,60,5,,.,,345,65,,45,,.,,,,,10,770,5,,75,250,,,,,,.,5,,,.,,,,,,30,.,,125,350,15,.,,,,,,,,840,,215,.,15,5,,,,.,,30,,5,,,,50,5,,,125,,60,120,105,,,,,,,5,10,,95,1040,10,15,75,,.,,,,,,25,,2017,10,,.,25
Oberspreewald-Lausitz,12066,325,240,10,5,25,,,,.,5,5,1595,.,.,,,,,5,,,,,20,,5,.,,75,,,,5,25,,,,,,.,150,1185,5,,,,.,,1705,,.,10,,,425,75,60,10,.,.,,35,,,,,,,,20,10,3675,15,50,.,.,.,15,,.,,5,,50,,45,,,,,,,,.,,.,10,10,,,,,10,10,,,.,20,.,,,,,,,.,25,,,,25,,,5,5,,,.,,,,,,,,25,,5,50,5,,.,,,80,415,65,,.,,,,,5,665,5,,75,265,,,,,,.,5,,,.,,,,,,25,.,,110,365,10,.,,,,20,,,,770,,,5,15,5,,240,,.,,30,,5,,,,50,5,,,115,,60,125,90,,,,,,,5,10,10,105,940,10,20,90,,.,,,,.,,,,2016,10,,.,15
Oberspreewald-Lausitz,12066,86,182,22,9,26,,,,0,2,2,919,2,2,,,,,3,,,,,18,,8,0,,60,,,,4,21,,,,,,0,171,1110,4,,,,0,,1556,,0,7,,,334,65,74,21,1,0,,32,,,,,,,,18,3,2768,17,22,1,0,0,16,,1,,6,,39,,44,,,,,,,,0,,0,8,5,,,,,12,8,,,0,16,1,,,,,,,0,19,,,,29,,,6,2,,,0,,,,,,,,25,,11,42,5,,0,,,58,169,40,,0,,,,,6,649,6,,64,191,,,,,,0,4,,,13,,,,,,21,0,,83,271,11,0,,,,17,,,,453,,,4,15,6,,193,,0,,29,,3,,,,43,5,,,106,,48,113,66,,,,,,,5,7,7,94,557,4,17,59,,1,,,,0,,,,2015,5,,0,16
Oberspreewald-Lausitz,12066,34,154,12,7,17,,,,0,2,4,519,3,3,,,,,3,,,,,16,,4,0,,54,,,,4,28,,,,,,0,179,992,4,,,,0,,1442,,0,7,,,322,60,81,44,0,0,,26,,,,,,,,16,3,2173,19,14,1,0,1,14,,0,,1,,24,,45,,,,,,,,0,,0,8,4,,,,,1,4,,,0,15,0,,,,,,,0,22,,,,15,,,4,2,,,0,,,,,,,,26,,9,44,3,,0,,,44,123,15,,1,,,,,8,561,5,,71,183,,,,,,0,4,,,36,,,,,,20,0,,38,267,9,0,,,,6,,,,134,,,7,10,9,,172,,0,,27,,3,,,,39,5,,,114,,52,112,32,,,,,,,3,9,9,101,224,6,14,43,,0,,,,0,,,,2014,5,,0,14
Oder-Spree,12067,750,,155,30,,.,.,.,5,25,5,,5,,.,.,10,.,15,.,5,.,.,45,.,25,.,.,245,5,.,.,5,95,.,.,.,5,.,10,,,,.,.,110,5,.,,.,5,65,.,5,,,,,110,25,.,145,.,5,.,.,.,.,.,40,5,10565,210,240,10,5,5,70,.,5,5,20,10,215,15,70,.,270,15,.,15,.,.,.,.,5,40,40,20,.,.,.,20,60,.,75,.,40,.,.,.,.,5,.,.,5,35,.,.,.,,10,.,,30,.,.,10,5,.,.,.,5,5,5,60,.,125,,,100,5,.,,,,230,.,.,.,.,.,5,55,1170,35,.,395,975,.,.,.,.,.,15,25,10,.,,150,.,5,.,.,25,10,155,,,45,.,.,.,.,,.,115,.,1455,.,,30,,,5,,10,.,.,50,.,.,.,.,75,35,10,5,.,240,.,265,115,,.,5,.,.,5,.,40,55,,350,,65,,,.,.,5,.,10,.,5,85,240,2019,35,.,10,75
Oder-Spree,12067,,,,,,,,,,,,,,,,,,,10,,,,,,,,,,220,,,,,,,,,,,5,,,,,,,5,,,,5,55,,,,,,,,,,140,,,,,,,,,,,,,10,,,60,,,,,,,,,,,,,,,,,,,,35,,,,,15,,,,,25,.,,,,,,,5,,,,,,,,,,,,,,,,,,,,60,,,,,,,,,,,,,,,,,,,1115,35,,385,,,,,,,10,,,,,,,,,,25,10,,,,50,,,,,,,,,,,,,,,,,,,,,,,,,,25,,,,,,,105,,,,,,,,,55,,,,,,,,.,,,,,,,,2018,,,,70
Oder-Spree,12067,735,1305,150,35,140,,,,5,25,5,3535,5,10,,,,,15,,,,,60,,15,.,,190,,,,.,80,,,,,,5,640,2290,30,,,,5,,4545,,5,40,,,,,,,20,15,,145,,,,,,,,30,5,9845,145,195,5,.,5,55,,5,,20,,265,,75,,,,,,,,5,,5,35,25,,,,,15,50,,,.,25,.,,,,,,,5,35,,,,90,15,,45,20,,,10,,,,,,,,60,,60,200,45,,5,,915,555,,245,,.,,,,,30,1045,35,,285,1105,,,,,,5,25,,,160,,,,,,20,10,,310,1585,50,.,,,,,,,,1445,,700,15,50,20,,,,.,,45,,.,,,,35,10,,,220,,295,110,235,,,,,,,35,50,,325,1915,75,105,425,,.,,,,,,75,,2017,30,,5,60
Oder-Spree,12067,850,1050,235,45,130,,,,5,10,5,3450,5,10,,,,,10,,,,,45,,15,.,,195,,,,5,75,,,,,,10,745,2265,25,,,,5,,5285,,10,45,,,2350,55,485,290,15,5,,165,,,,,,,,35,.,10250,25,205,5,.,.,55,,5,,15,,295,,75,,,,,,,,.,,5,30,30,,,,,15,60,,,.,25,5,,,,,,,5,60,,,,100,,,40,15,,,10,,,,,,,,60,,25,145,45,,5,,,465,1035,175,,.,,,,,20,1015,35,,210,1835,,,,,,10,20,,,250,,,,,,25,10,,325,2250,55,.,,,,75,,,,1475,,,15,50,20,,605,,.,,40,,.,,,,30,5,,,135,,255,110,250,,,,,,,30,50,50,310,1810,65,55,370,,.,,,,.,,,,2016,30,,.,75
Oder-Spree,12067,633,475,186,10,127,,,,5,1,3,3450,8,10,,,,,7,,,,,36,,16,0,,170,,,,4,55,,,,,,11,601,2025,23,,,,4,,3829,,9,41,,,1275,53,405,269,10,5,,127,,,,,,,,29,1,8219,8,58,7,1,1,55,,1,,15,,93,,81,,,,,,,,2,,5,34,23,,,,,18,58,,,0,28,5,,,,,,,1,14,,,,59,,,38,15,,,11,,,,,,,,57,,13,49,42,,3,,,245,798,197,,1,,,,,9,900,38,,145,782,,,,,,8,19,,,224,,,,,,19,10,,328,1180,50,3,,,,46,,,,1889,,,16,47,24,,603,,2,,40,,0,,,,32,4,,,113,,243,131,282,,,,,,,30,54,54,307,2049,64,27,130,,3,,,,0,,,,2015,21,,0,70
Oder-Spree,12067,152,379,33,9,137,,,,4,0,2,1191,7,9,,,,,7,,,,,43,,15,0,,117,,,,4,44,,,,,,11,505,1695,18,,,,3,,3164,,10,36,,,1038,40,461,322,12,2,,64,,,,,,,,33,0,5045,14,19,7,1,3,44,,2,,15,,67,,86,,,,,,,,2,,6,32,21,,,,,21,55,,,0,24,5,,,,,,,0,8,,,,59,,,45,17,,,9,,,,,,,,55,,12,33,48,,3,,,217,312,85,,0,,,,,7,798,34,,120,543,,,,,,7,15,,,281,,,,,,17,8,,165,946,23,4,,,,51,,,,255,,,6,44,13,,498,,1,,44,,0,,,,21,4,,,114,,240,130,114,,,,,,,38,48,48,308,381,63,24,92,,1,,,,0,,,,2014,9,,1,61
Ostprignitz-Ruppin,12068,380,,30,15,,.,.,.,.,5,5,,5,,.,.,.,.,5,.,.,.,.,25,.,15,.,.,125,.,.,.,5,25,5,.,.,.,.,5,,,,.,.,75,.,.,,.,5,15,.,.,,,,,5,.,.,15,.,20,.,.,.,.,.,25,5,4205,30,70,5,.,.,35,.,5,.,.,.,35,5,25,.,30,.,.,5,.,.,.,.,5,35,40,5,.,.,.,30,10,.,20,.,50,5,.,.,.,.,.,.,.,5,.,.,.,,5,.,,5,.,.,.,.,.,.,.,.,5,.,30,.,5,,,125,.,.,,,,65,.,.,.,.,.,.,10,850,5,.,160,390,.,.,.,.,.,5,30,5,.,,50,.,.,.,.,10,5,50,,,10,.,.,.,.,,.,.,.,450,.,,5,,,.,,.,.,.,25,.,5,.,.,10,15,5,.,.,120,5,95,50,,.,.,.,.,5,.,20,25,,115,,10,,,.,.,.,5,5,.,.,40,30,2019,20,.,5,30
Ostprignitz-Ruppin,12068,,,,,,,,,,,,,,,,,,,5,,,,,,,,,,110,,,,,,,,,,,.,,,,,,,5,,,,5,15,,,,,,,,,,20,,,,,,,,,,,,,.,,,35,,,,,,,,,,,,,,,,,,,,55,,,,,30,,,,,45,.,,,,,,,.,,,,,,,,,,,,,,,,,,,,35,,,,,,,,,,,,,,,,,,,845,5,,110,,,,,,,5,,,,,,,,,,5,5,,,,20,,,,,,,,,,,,,,,,,,,,,,,,,,10,,,,,,,55,,,,,,,,,30,,,,,,,,.,,,,,,,,2018,,,,30
Ostprignitz-Ruppin,12068,380,305,20,15,55,,,,5,.,.,1285,5,10,,,,,5,,,,,30,,10,.,,90,,,,.,25,,,,,,.,245,1410,20,,,,5,,2210,,5,15,,,,,,,5,.,,25,,,,,,,,20,5,3930,10,65,5,.,.,30,,5,,.,,35,,30,,,,,,,,.,,5,25,60,,,,,30,.,,,.,55,.,,,,,,,.,5,,,,70,5,,15,5,,,.,,,,,,,,30,,10,40,20,,.,,450,170,,65,,.,,,,,5,800,.,,115,400,,,,,,5,20,,,45,,,,,,10,5,,65,535,15,.,,,,,,,,510,,240,.,20,5,,,,.,,20,,.,,,,10,5,,,105,,65,45,30,,,,,,,15,25,,120,595,5,40,50,,.,,,,,,35,,2017,15,,.,30
Ostprignitz-Ruppin,12068,400,295,20,15,50,,,,.,.,5,1330,5,5,,,,,5,,,,,50,,10,.,,80,,,,.,25,,,,,,5,230,1220,20,,,,5,,1960,,.,15,,,535,30,240,75,5,5,,20,,,,,,,,15,.,3690,10,65,5,.,.,40,,.,,5,,40,,25,,,,,,,,.,,5,25,50,,,,,35,5,,,.,40,.,,,,,,,.,5,,,,60,,,15,5,,,.,,,,,,,,35,,5,35,20,,.,,,165,465,65,,.,,,,,5,680,.,,65,345,,,,,,5,15,,,45,,,,,,10,5,,55,490,15,.,,,,20,,,,530,,,5,15,5,,235,,.,,20,,5,,,,15,5,,,100,,60,40,30,,,,,,,15,30,30,125,630,10,35,60,,.,,,,.,,,,2016,10,,5,30
Ostprignitz-Ruppin,12068,154,241,32,15,48,,,,3,1,3,883,3,3,,,,,2,,,,,58,,7,0,,62,,,,1,27,,,,,,3,240,1144,21,,,,6,,1774,,2,17,,,408,18,247,107,1,3,,19,,,,,,,,18,1,2999,7,34,2,0,1,42,,2,,4,,41,,27,,,,,,,,0,,2,19,44,,,,,32,3,,,0,41,1,,,,,,,0,4,,,,32,,,10,4,,,0,,,,,,,,25,,3,33,19,,1,,,130,219,51,,0,,,,,2,647,3,,69,223,,,,,,4,20,,,86,,,,,,6,1,,50,369,10,0,,,,21,,,,371,,,2,19,4,,234,,1,,21,,1,,,,9,4,,,83,,57,39,29,,,,,,,14,27,27,139,430,7,16,58,,0,,,,2,,,,2015,9,,2,28
Ostprignitz-Ruppin,12068,55,199,8,14,49,,,,6,1,1,423,3,3,,,,,3,,,,,62,,9,0,,47,,,,3,25,,,,,,3,181,871,21,,,,10,,1379,,2,13,,,315,14,192,86,1,4,,18,,,,,,,,14,1,2072,16,21,2,0,1,31,,2,,3,,28,,27,,,,,,,,0,,1,23,15,,,,,28,3,,,0,20,1,,,,,,,0,1,,,,22,,,7,4,,,0,,,,,,,,22,,7,27,19,,1,,,103,117,27,,0,,,,,2,491,4,,49,158,,,,,,3,20,,,62,,,,,,3,1,,19,306,7,0,,,,9,,,,55,,,3,23,6,,204,,1,,17,,1,,,,7,2,,,82,,53,36,10,,,,,,,15,24,24,139,102,6,21,42,,0,,,,1,,,,2014,10,,0,27
Potsdam-Mittelmark,12069,335,,110,10,,.,.,.,15,25,15,,25,,.,.,10,.,15,.,5,.,.,90,.,45,.,.,390,.,.,.,5,150,5,.,.,10,.,25,,,,5,5,90,10,.,,.,15,90,.,5,,,,,35,5,.,125,.,10,.,.,.,5,.,55,10,9720,75,185,40,5,25,165,.,30,.,15,.,130,30,30,.,140,5,.,25,.,.,5,.,25,60,95,15,.,.,.,35,10,.,20,.,45,10,.,.,.,5,.,.,.,15,.,.,.,,30,.,,45,.,15,10,5,.,.,.,5,5,5,170,.,75,,,190,5,.,,,,120,.,.,.,.,.,20,25,1525,45,.,625,750,.,.,.,.,.,25,85,5,5,,95,.,5,5,.,75,10,80,,,85,15,.,.,.,,.,55,.,660,.,,10,,,.,,5,5,.,70,.,5,.,.,60,70,10,.,.,220,.,265,195,,.,10,.,.,10,.,235,160,,150,,55,,,.,.,20,5,15,5,5,10,65,2019,20,.,5,135
Potsdam-Mittelmark,12069,,,,,,,,,,,,,,,,,,,15,,,,,,,,,,330,,,,,,,,,,,20,,,,,,,5,,,,15,75,,,,,,,,,,120,,,,,,,,,,,,,30,,,145,,,,,,,,,,,,,,,,,,,,75,,,,,35,,,,,35,5,,,,,,,.,,,,,,,,,,,,,,,,,,,,165,,,,,,,,,,,,,,,,,,,1385,35,,665,,,,,,,25,,,,,,,,,,80,10,,,,70,,,,,,,,,,,,,,,,,,,,,,,,,,65,,,,,,,190,,,,,,,,,155,,,,,,,,.,,,,,,,,2018,,,,125
Potsdam-Mittelmark,12069,315,515,70,5,470,,,,10,25,15,1885,30,40,,,,,10,,,,,80,,40,.,,340,,,,10,140,,,,,,25,380,3565,95,,,,5,,5115,,15,55,,,,,,,25,.,,100,,,,,,,,45,10,8115,15,115,25,10,20,115,,25,,5,,85,,30,,,,,,,,5,,25,45,65,,,,,35,10,,,.,30,5,,,,,,,.,15,,,,85,25,,65,20,,,10,,,,,,,,170,,10,45,285,,5,,570,255,,90,,.,,,,,15,1245,30,,575,655,,,,,,25,75,,,55,,,,,,70,15,,90,1070,80,20,,,,,,,,675,,410,10,120,15,,,,10,,70,,5,,,,60,10,,,145,,210,200,80,,,,,,,255,145,,150,900,40,40,160,,.,,,,,,10,,2017,10,,5,125
Potsdam-Mittelmark,12069,300,505,60,5,440,,,,5,15,10,1855,25,35,,,,,15,,,,,70,,40,.,,270,,,,10,125,,,,,,30,320,3330,80,,,,5,,4695,,20,70,,,1020,130,315,100,25,5,,120,,,,,,,,35,10,7630,15,110,30,5,20,150,,25,,5,,85,,30,,,,,,,,5,,15,35,75,,,,,25,10,,,.,30,10,,,,,,,.,10,,,,50,,,65,20,,,10,,,,,,,,175,,15,35,275,,.,,,245,525,105,,.,,,,,15,1105,35,,335,575,,,,,,25,70,,,50,,,,,,65,15,,100,970,105,15,,,,15,,,,710,,,10,100,20,,415,,5,,70,,.,,,,65,10,,,135,,215,165,85,,,,,,,235,210,210,150,920,40,45,160,,.,,,,5,,,,2016,10,,5,180
Potsdam-Mittelmark,12069,144,502,140,6,445,,,,9,8,8,1574,23,35,,,,,13,,,,,72,,38,2,,261,,,,6,116,,,,,,33,403,3098,85,,,,3,,4510,,19,70,,,951,127,343,129,20,3,,112,,,,,,,,29,7,7174,12,47,28,7,25,146,,27,,8,,87,,34,,,,,,,,5,,12,39,77,,,,,23,6,,,1,29,11,,,,,,,1,7,,,,42,,,62,19,,,9,,,,,,,,175,,13,29,278,,4,,,257,357,93,,0,,,,,16,972,36,,250,536,,,,,,25,73,,,74,,,,,,61,14,,108,924,95,19,,,,13,,,,677,,,13,105,17,,406,,7,,69,,1,,,,63,9,,,122,,202,185,93,,,,,,,238,219,221,160,811,37,32,167,,1,,,,7,,,,2015,5,,5,173
Potsdam-Mittelmark,12069,82,419,27,6,418,,,,9,5,8,840,24,34,,,,,11,,,,,54,,36,2,,213,,,,6,104,,,,,,36,279,2897,76,,,,3,,4008,,18,73,,,814,132,302,141,16,4,,104,,,,,,,,25,7,5770,20,40,29,3,20,145,,26,,7,,58,,33,,,,,,,,5,,11,30,71,,,,,23,6,,,1,41,8,,,,,,,1,7,,,,21,,,58,15,,,8,,,,,,,,186,,16,29,267,,3,,,219,279,69,,0,,,,,15,893,32,,207,401,,,,,,24,72,,,97,,,,,,70,12,,51,756,94,19,,,,11,,,,76,,,12,93,15,,362,,6,,62,,2,,,,59,9,,,114,,200,149,38,,,,,,,227,222,224,153,199,37,34,122,,1,,,,6,,,,2014,5,,3,169
Prignitz,12070,385,,10,.,,.,.,.,.,10,.,,.,,.,5,.,.,5,.,.,.,.,10,.,5,.,.,115,.,.,.,.,15,.,.,.,.,.,5,,,,.,.,10,10,.,,.,.,5,.,5,,,,,5,.,.,45,.,.,.,.,.,.,.,25,10,3590,5,40,.,.,.,25,.,.,.,5,.,15,5,15,.,10,.,.,.,.,.,.,.,.,15,15,5,.,.,.,30,10,.,.,.,25,.,.,.,.,.,.,.,.,5,.,.,.,,.,.,,.,.,5,.,.,.,.,.,.,.,.,60,.,5,,,10,.,.,,,,30,.,.,.,.,.,.,10,290,5,.,710,275,.,.,.,.,.,.,20,5,.,,25,.,.,.,.,10,5,25,,,15,.,.,.,.,,.,.,.,795,.,,.,,,.,,5,.,.,10,.,.,.,.,15,10,5,.,.,40,.,40,35,,.,.,.,.,.,.,5,5,,45,,10,,,.,.,.,.,.,.,.,40,40,2019,10,.,.,35
Prignitz,12070,,,,,,,,,,,,,,,,,,,5,,,,,,,,,,95,,,,,,,,,,,.,,,,,,,10,,,,.,5,,,,,,,,,,45,,,,,,,,,,,,,.,,,25,,,,,,,,,,,,,,,,,,,,10,,,,,25,,,,,15,.,,,,,,,.,,,,,,,,,,,,,,,,,,,,55,,,,,,,,,,,,,,,,,,,205,5,,505,,,,,,,.,,,,,,,,,,10,5,,,,20,,,,,,,,,,,,,,,,,,,,,,,,,,5,,,,,,,30,,,,,,,,,5,,,,,,,,.,,,,,,,,2018,,,,25
Prignitz,12070,415,125,15,.,30,,,,.,15,.,1495,5,5,,,,,5,,,,,5,,.,.,,100,,,,.,15,,,,,,.,85,1130,15,,,,10,,1590,,.,5,,,,,,,.,.,,50,,,,,,,,20,5,3320,5,40,.,.,.,25,,.,,5,,10,,10,,,,,,,,.,,.,10,15,,,,,20,10,,,.,10,.,,,,,,,.,5,,,,15,5,,10,10,,,.,,,,,,,,50,,5,30,10,,.,,450,50,,50,,.,,,,,10,220,5,,500,290,,,,,,.,15,,,15,,,,,,10,5,,80,365,20,.,,,,,,,,820,,145,.,10,.,,,,.,,10,,.,,,,10,5,,,40,,35,35,50,,,,,,,5,10,,50,900,10,15,25,,.,,,,,,30,,2017,20,,5,20
Prignitz,12070,430,120,15,5,25,,,,.,15,.,1545,5,5,,,,,5,,,,,5,,.,.,,95,,,,.,15,,,,,,.,85,1120,15,,,,15,,1600,,.,10,,,435,20,70,30,.,.,,60,,,,,,,,25,5,3375,10,55,.,.,.,25,,.,,10,,15,,10,,,,,,,,.,,.,10,20,,,,,20,10,,,.,10,.,,,,,,,.,5,,,,10,,,10,10,,,.,,,,,,,,55,,5,30,10,,.,,,50,455,70,,.,,,,,5,230,5,,455,305,,,,,,.,15,,,15,,,,,,15,5,,75,375,20,.,,,,20,,,,825,,,.,5,.,,165,,.,,10,,.,,,,5,5,,,40,,35,40,55,,,,,,,5,10,10,50,925,10,15,25,,.,,,,.,,,,2016,20,,5,20
Prignitz,12070,159,95,53,3,23,,,,0,15,0,762,2,2,,,,,3,,,,,3,,0,0,,78,,,,0,16,,,,,,1,157,973,17,,,,12,,1443,,2,7,,,349,19,108,63,4,2,,56,,,,,,,,25,2,2397,4,18,2,0,0,26,,1,,9,,12,,10,,,,,,,,0,,0,13,18,,,,,22,8,,,0,6,0,,,,,,,1,3,,,,19,,,10,10,,,1,,,,,,,,50,,4,26,9,,0,,,38,187,43,,0,,,,,4,209,5,,378,220,,,,,,1,17,,,49,,,,,,10,3,,72,296,15,0,,,,20,,,,371,,,1,4,1,,146,,0,,12,,0,,,,9,2,,,33,,37,29,52,,,,,,,5,10,10,59,429,11,8,22,,0,,,,0,,,,2015,18,,3,20
Prignitz,12070,101,79,11,4,23,,,,0,8,0,341,0,0,,,,,3,,,,,3,,1,0,,67,,,,0,18,,,,,,1,92,793,15,,,,8,,1122,,2,8,,,265,19,60,37,1,2,,49,,,,,,,,20,2,1600,9,7,2,0,0,25,,1,,8,,8,,15,,,,,,,,0,,0,11,5,,,,,21,6,,,0,3,0,,,,,,,1,3,,,,10,,,10,4,,,1,,,,,,,,49,,4,25,8,,0,,,27,136,12,,0,,,,,2,188,3,,273,160,,,,,,1,15,,,25,,,,,,12,3,,35,222,5,0,,,,14,,,,59,,,1,5,1,,107,,0,,12,,0,,,,7,1,,,43,,32,22,21,,,,,,,4,11,11,58,98,10,9,17,,0,,,,0,,,,2014,17,,1,24
Teltow-Fläming,12072,440,,55,10,,.,15,.,5,10,5,,10,,.,.,5,.,10,.,5,.,.,60,.,25,.,.,250,.,.,.,10,60,.,.,.,5,.,10,,,,5,.,70,5,.,,.,10,45,.,5,,,,,10,10,.,155,.,5,.,.,.,.,.,65,20,9805,40,180,15,.,15,165,.,10,5,5,.,145,10,80,.,50,20,.,10,.,.,.,.,15,35,80,10,.,.,.,55,10,.,15,.,80,5,.,.,.,.,.,.,.,5,.,.,.,,5,.,,25,.,15,5,.,.,.,.,10,5,.,95,.,35,,,75,5,.,,,,80,.,.,.,.,.,5,25,2780,25,.,770,535,.,.,.,.,.,10,35,.,5,,125,.,5,.,.,50,5,85,,,50,5,.,.,.,,.,5,.,980,.,,10,,,.,,.,.,.,45,.,.,.,.,5,65,15,.,.,235,.,180,155,,.,5,.,.,.,.,70,130,,170,,60,,,.,5,5,.,20,10,10,30,120,2019,10,.,10,100
Teltow-Fläming,12072,,,,,,,,,,,,,,,,,,,10,,,,,,,,,,200,,,,,,,,,,,10,,,,,,,5,,,,10,45,,,,,,,,,,140,,,,,,,,,,,,,10,,,140,,,,,,,,,,,,,,,,,,,,95,,,,,65,,,,,120,5,,,,,,,.,,,,,,,,,,,,,,,,,,,,85,,,,,,,,,,,,,,,,,,,2430,25,,540,,,,,,,15,,,,,,,,,,45,5,,,,50,,,,,,,,,,,,,,,,,,,,,,,,,,65,,,,,,,180,,,,,,,,,150,,,,,,,,.,,,,,,,,2018,,,,100
Teltow-Fläming,12072,445,450,30,5,135,,,,5,5,.,2265,10,10,,,,,5,,,,,50,,15,.,,160,,,,10,65,,,,,,10,375,3610,30,,,,5,,4845,,10,30,,,,,,,5,5,,110,,,,,,,,50,5,7865,25,135,5,.,15,135,,10,,.,,135,,85,,,,,,,,.,,10,35,65,,,,,50,10,,,.,110,5,,,,,,,.,.,,,,60,5,,25,15,,,5,,,,,,,,80,,20,25,65,,.,,665,205,,100,,.,,,,,20,1825,20,,485,515,,,,,,10,25,,,70,,,,,,30,5,,155,830,40,.,,,,,,,,1005,,390,5,50,25,,,,.,,50,,.,,,,40,10,,,185,,155,165,125,,,,,,,50,125,,160,1210,55,50,145,,.,,,,,,30,,2017,5,,5,80
Teltow-Fläming,12072,405,405,20,5,130,,,,.,.,.,2270,10,10,,,,,10,,,,,45,,5,.,,130,,,,5,65,,,,,,10,320,3230,25,,,,5,,4310,,15,45,,,935,70,275,105,10,5,,140,,,,,,,,45,5,7270,25,115,5,.,15,155,,10,,5,,110,,85,,,,,,,,.,,15,15,60,,,,,50,10,,,.,75,5,,,,,,,.,.,,,,45,,,30,10,,,5,,,,,,,,95,,20,25,65,,5,,,185,620,105,,.,,,,,20,1580,20,,270,470,,,,,,20,25,,,80,,,,,,30,10,,145,735,60,5,,,,20,,,,1060,,,5,40,25,,400,,.,,50,,.,,,,35,10,,,155,,140,115,125,,,,,,,50,185,185,175,1245,50,45,125,,.,,,,5,,,,2016,5,,.,100
Teltow-Fläming,12072,189,347,167,4,133,,,,3,2,4,1510,9,9,,,,,10,,,,,30,,11,0,,122,,,,3,61,,,,,,15,506,3245,26,,,,5,,4466,,12,42,,,896,58,302,144,3,5,,136,,,,,,,,44,4,6561,19,44,5,0,11,145,,9,,1,,92,,82,,,,,,,,1,,15,12,52,,,,,45,11,,,0,77,6,,,,,,,1,2,,,,53,,,29,7,,,2,,,,,,,,95,,15,19,68,,3,,,162,396,100,,0,,,,,16,1657,18,,269,457,,,,,,18,23,,,125,,,,,,32,12,,96,689,41,3,,,,11,,,,602,,,6,36,27,,415,,0,,55,,0,,,,26,10,,,143,,135,116,85,,,,,,,46,186,186,189,699,45,36,103,,1,,,,5,,,,2015,2,,2,101
Teltow-Fläming,12072,60,238,9,5,147,,,,3,3,3,812,7,9,,,,,10,,,,,28,,9,0,,96,,,,4,54,,,,,,12,270,2614,25,,,,3,,3508,,10,40,,,791,55,223,90,3,4,,122,,,,,,,,36,4,4744,24,23,5,0,9,119,,7,,0,,44,,85,,,,,,,,1,,14,11,48,,,,,39,7,,,0,63,6,,,,,,,1,1,,,,38,,,25,5,,,1,,,,,,,,84,,16,19,87,,3,,,99,261,20,,0,,,,,14,1316,19,,143,377,,,,,,19,22,,,72,,,,,,29,10,,30,599,32,2,,,,4,,,,149,,,4,35,29,,327,,0,,50,,1,,,,26,9,,,135,,131,97,26,,,,,,,52,174,174,198,224,43,37,54,,1,,,,6,,,,2014,3,,0,90
Uckermark,12073,310,,30,10,,.,.,.,.,.,5,,.,,.,.,.,.,5,.,.,.,.,40,.,5,.,.,30,.,.,.,.,15,.,.,.,5,.,5,,,,5,.,45,.,.,,.,.,20,.,5,,,,,5,10,.,50,.,10,.,.,.,.,.,40,.,5730,25,90,5,.,.,110,.,5,.,.,.,85,5,40,.,60,10,.,5,.,.,.,.,.,10,15,5,.,.,.,5,10,.,15,.,10,.,.,.,.,.,.,.,.,.,.,.,.,,5,.,,5,.,.,.,.,.,.,.,.,.,.,55,.,10,,,30,5,.,,,,45,.,.,.,.,.,5,5,2435,10,.,60,510,.,.,.,.,.,5,25,.,.,,50,.,.,.,.,10,5,45,,,70,5,.,.,.,,.,.,.,585,.,,5,,,.,,.,.,.,10,.,.,.,.,15,5,5,.,.,65,.,80,50,,.,5,.,.,.,.,25,15,,95,,25,,,.,.,.,.,.,5,5,10,105,2019,10,.,5,30
Uckermark,12073,,,,,,,,,,,,,,,,,,,5,,,,,,,,,,40,,,,,,,,,,,5,,,,,,,.,,,,.,15,,,,,,,,,,45,,,,,,,,,,,,,5,,,105,,,,,,,,,,,,,,,,,,,,15,,,,,5,,,,,10,.,,,,,,,.,,,,,,,,,,,,,,,,,,,,55,,,,,,,,,,,,,,,,,,,2430,10,,55,,,,,,,.,,,,,,,,,,.,10,,,,30,,,,,,,,,,,,,,,,,,,,,,,,,,5,,,,,,,50,,,,,,,,,15,,,,,,,,.,,,,,,,,2018,,,,25
Uckermark,12073,355,290,40,5,65,,,,.,5,.,1440,.,.,,,,,5,,,,,45,,5,.,,35,,,,.,10,,,,,,5,155,2680,25,,,,.,,3550,,5,15,,,,,,,.,.,,45,,,,,,,,30,5,5470,5,90,.,.,.,55,,5,,.,,75,,40,,,,,,,,.,,.,5,20,,,,,5,10,,,.,10,.,,,,,,,.,5,,,,25,.,,10,5,,,.,,,,,,,,55,,5,20,30,,5,,440,145,,50,,.,,,,,5,2255,10,,45,520,,,,,,.,20,,,45,,,,,,.,20,,125,690,15,.,,,,,,,,675,,220,.,25,.,,,,.,,10,,.,,,,5,5,,,45,,85,45,115,,,,,,,30,15,,110,785,25,25,95,,.,,,,,,10,,2017,5,,5,20
Uckermark,12073,370,275,40,5,60,,,,.,.,.,1475,.,.,,,,,5,,,,,45,,5,.,,30,,,,.,15,,,,,,5,145,2515,25,,,,.,,3315,,5,15,,,660,5,150,45,.,.,,45,,,,,,,,40,5,5235,10,90,5,.,.,60,,5,,.,,65,,45,,,,,,,,.,,.,5,20,,,,,5,5,,,.,10,5,,,,,,,.,5,,,,25,,,15,5,,,.,,,,,,,,55,,5,15,25,,5,,,150,450,65,,.,,,,,5,2075,15,,50,470,,,,,,5,20,,,40,,,,,,5,15,,105,630,10,.,,,,10,,,,670,,,.,25,.,,245,,.,,15,,.,,,,.,.,,,45,,75,50,95,,,,,,,20,15,15,115,780,25,20,90,,.,,,,.,,,,2016,5,,5,20
Uckermark,12073,142,187,89,4,51,,,,1,1,0,906,1,1,,,,,5,,,,,39,,4,1,,16,,,,0,14,,,,,,6,249,2284,25,,,,3,,3082,,2,17,,,565,4,186,82,1,1,,43,,,,,,,,35,5,4317,3,26,3,0,1,65,,2,,1,,34,,44,,,,,,,,1,,1,5,19,,,,,8,6,,,0,10,2,,,,,,,0,4,,,,35,,,12,4,,,0,,,,,,,,57,,3,18,17,,3,,,102,223,34,,0,,,,,9,1874,11,,43,382,,,,,,2,22,,,77,,,,,,2,8,,90,524,5,1,,,,7,,,,439,,,0,22,1,,205,,1,,10,,0,,,,2,2,,,45,,70,52,82,,,,,,,15,8,9,109,478,24,10,56,,0,,,,0,,,,2015,2,,0,21
Uckermark,12073,46,157,17,3,50,,,,1,1,0,482,1,1,,,,,5,,,,,42,,5,1,,12,,,,0,16,,,,,,8,123,2087,26,,,,3,,2586,,3,16,,,390,4,139,43,1,1,,35,,,,,,,,31,3,3324,4,16,3,0,1,60,,2,,1,,16,,43,,,,,,,,1,,1,5,19,,,,,17,4,,,0,5,2,,,,,,,0,5,,,,24,,,11,4,,,0,,,,,,,,56,,4,22,15,,3,,,89,126,29,,0,,,,,9,1703,9,,44,209,,,,,,2,23,,,38,,,,,,2,8,,48,350,4,1,,,,5,,,,128,,,0,24,1,,200,,0,,9,,0,,,,2,2,,,41,,67,40,42,,,,,,,14,8,9,116,156,23,11,34,,0,,,,0,,,,2014,6,,0,21
